"id;""userName"";""password"";""logged"""
"1;""admin"";""password"";""true"""
"2;""user1"";""user1"";""false"""
"3;""user2"";""user2"";""true"""
"4;""user3"";""user3"";""true"""
"5;""user5"";""user5"";""true"""
"6;""user6"";""user6"";""true"""
"7;""user7"";""user7"";""true"""
"8;""user8"";""user8"";""true"""
"9;""user9"";""user9"";""true"""
"10;""user10"";""user10"";""true"""
"11;""user11"";""user11"";""true"""
"12;""user12"";""user12"";""true"""
"13;""user13"";""user13"";""true"""
"14;""user14"";""user14"";""true"""
"15;""user15"";""user15"";""true"""
"16;""user16"";""user16"";""true"""
"17;""user17"";""user17"";""true"""
"18;""user18"";""user18"";""true"""
"19;""user19"";""user19"";""true"""
"20;""user20"";""user20"";""true"""
"21;""user21"";""user21"";""true"""
"22;""user22"";""user22"";""true"""
"23;""user23"";""user23"";""true"""
"24;""user24"";""user24"";""true"""
